id,employee_name,location,email,phone,job_title
1,Annie Sanders,Boston,asanders0@hc360.com,62-(506)594-7196,Assistant Media Planner
2,Debra Cunningham,San Francisco,dcunningham1@google.ca,55-(989)183-8633,Junior Executive
3,Paul Jacobs,Orlando,pjacobs2@goo.ne.jp,685-(482)722-2235,Statistician III
4,Ruby Spencer,Boston,rspencer3@reverbnation.com,7-(446)335-0260,Geological Engineer
5,Martha Ryan,San Francisco,mryan4@nsw.gov.au,242-(428)959-1478,Tax Accountant
6,Matthew Harrison,Chicago,mharrison5@wix.com,58-(369)632-4530,Junior Executive
7,Harold Wagner,Boston,hwagner6@printfriendly.com,62-(824)426-0298,Safety Technician IV
8,Patricia Lane,Orlando,plane7@google.es,351-(290)517-0027,Payment Adjustment Coordinator
9,Kenneth Schmidt,Orlando,kschmidt8@sohu.com,7-(535)594-9828,Food Chemist
10,Keith Gonzales,San Francisco,kgonzales9@jiathis.com,48-(848)545-3652,Legal Assistant
11,Bruce Lawson,Orlando,blawsona@google.pl,60-(561)954-1320,Research Assistant I
12,Kenneth Vasquez,San Francisco,kvasquezb@opera.com,62-(652)882-8819,Database Administrator IV
13,Adam Schmidt,Orlando,aschmidtc@japanpost.jp,62-(920)270-0678,Web Developer I
14,Kathryn Weaver,Boston,kweaverd@behance.net,1-(901)677-8772,Payment Adjustment Coordinator
15,Jason Carroll,San Francisco,jcarrolle@liveinternet.ru,55-(693)818-6571,Account Coordinator
16,Edward Allen,Orlando,eallenf@bloglines.com,1-(333)107-3225,Clinical Specialist
17,Carlos Jenkins,Boston,cjenkinsg@dedecms.com,264-(425)762-1242,Community Outreach Specialist
18,Chris Brown,San Francisco,cbrownh@rakuten.co.jp,237-(982)923-8766,Structural Analysis Engineer
19,Brandon Lopez,Boston,blopezi@chicagotribune.com,358-(845)798-6357,Occupational Therapist
20,Patrick Green,Orlando,pgreenj@seesaa.net,385-(225)363-3534,Mechanical Systems Engineer
21,Eric Armstrong,Orlando,earmstrongk@diigo.com,86-(948)656-4871,Computer Systems Analyst I
22,Harold Lawson,Boston,hlawsonl@answers.com,63-(295)147-7239,Nuclear Power Engineer
23,Adam Cunningham,San Francisco,acunninghamm@a8.net,351-(747)498-9468,Junior Executive
24,Jonathan Johnston,San Francisco,jjohnstonn@last.fm,962-(412)182-1688,Geological Engineer
25,Jennifer Woods,Orlando,jwoodso@columbia.edu,31-(165)859-9528,Systems Administrator IV
26,Keith Brooks,San Francisco,kbrooksp@pagesperso-orange.fr,64-(478)844-7589,Developer II
27,Marilyn Richards,Orlando,mrichardsq@prweb.com,48-(361)880-5987,Staff Accountant II
28,Billy Reed,Boston,breedr@dropbox.com,48-(110)709-2953,Marketing Assistant
29,Samuel Morgan,San Francisco,smorgans@java.com,86-(170)731-4902,Recruiter
30,Bobby Owens,Orlando,bowenst@free.fr,64-(426)563-8968,Tax Accountant
31,Helen Frazier,Boston,hfrazieru@cpanel.net,216-(825)224-4415,Editor
32,Joyce Perez,Chicago,jperezv@goodreads.com,62-(990)329-3249,Chemical Engineer
33,Thomas Bryant,Orlando,tbryantw@buzzfeed.com,963-(709)244-6754,Design Engineer
34,Sharon Price,Chicago,spricex@miibeian.gov.cn,46-(606)759-8402,Paralegal
35,Rachel Wheeler,Orlando,rwheelery@hatena.ne.jp,62-(700)158-9680,Product Engineer
36,Betty Burton,San Francisco,bburtonz@amazon.com,62-(476)203-8963,Technical Writer
37,Jimmy Carr,Orlando,jcarr10@unesco.org,212-(598)705-9134,Assistant Professor
38,Marie Carter,Boston,mcarter11@meetup.com,55-(739)954-8009,Senior Sales Associate
39,Matthew Mills,San Francisco,mmills12@youku.com,7-(932)740-4414,Marketing Manager
40,Sean Greene,San Francisco,sgreene13@geocities.jp,41-(496)722-8030,Human Resources Assistant II
41,Arthur Larson,San Francisco,alarson14@xing.com,212-(167)499-7729,Professor
42,Paula Hunt,Orlando,phunt15@princeton.edu,359-(867)821-9007,Environmental Tech
43,William Mcdonald,San Francisco,wmcdonald16@sun.com,86-(155)559-7860,Internal Auditor
44,Diane Ruiz,Boston,druiz17@slashdot.org,1-(780)511-9177,Civil Engineer
45,Denise Morales,Chicago,dmorales18@flickr.com,58-(550)305-0046,Help Desk Operator
46,Norma Garcia,Chicago,ngarcia19@newyorker.com,62-(771)237-2246,Database Administrator II
47,Scott Hall,Orlando,shall1a@is.gd,55-(891)675-7302,Account Executive
48,Emily Evans,San Francisco,eevans1b@npr.org,51-(931)142-6783,Senior Quality Engineer
49,Frank Romero,Orlando,fromero1c@chron.com,356-(680)376-9838,Senior Sales Associate
50,Annie Cole,Boston,acole1d@scribd.com,7-(243)516-1353,Office Assistant IV
51,Steve Green,San Francisco,sgreen1e@cloudflare.com,82-(608)310-3436,Chemical Engineer
52,Carol Meyer,Orlando,cmeyer1f@wunderground.com,385-(559)137-7277,Associate Professor
53,Angela Baker,Boston,abaker1g@harvard.edu,371-(868)206-1870,Internal Auditor
54,Ann Reyes,San Francisco,areyes1h@reddit.com,62-(141)258-8145,Human Resources Assistant III
55,Dennis Fisher,Boston,dfisher1i@vkontakte.ru,380-(261)902-5332,Safety Technician II
56,Todd Austin,San Francisco,taustin1j@sbwire.com,1-(413)629-1976,Safety Technician IV
57,Mildred Lane,San Francisco,mlane1k@sfgate.com,30-(184)613-5065,Internal Auditor
58,Charles Roberts,San Francisco,croberts1l@meetup.com,55-(625)748-1795,Office Assistant IV
59,Gloria Patterson,San Francisco,gpatterson1m@weibo.com,63-(258)210-1112,Design Engineer
60,Lillian Larson,Orlando,llarson1n@surveymonkey.com,7-(333)954-6276,Librarian
61,Frances Roberts,Chicago,froberts1o@dion.ne.jp,690-(442)436-4272,Marketing Manager
62,Amanda Garza,San Francisco,agarza1p@youtube.com,380-(937)321-9929,Safety Technician IV
63,Brian Schmidt,Boston,bschmidt1q@yale.edu,86-(621)870-0095,Executive Secretary
64,Russell Stevens,Chicago,rstevens1r@surveymonkey.com,33-(507)336-0489,Business Systems Development Analyst
65,Annie Jenkins,Boston,ajenkins1s@xing.com,46-(838)261-8825,Safety Technician IV
66,Sandra Sims,San Francisco,ssims1t@rediff.com,62-(285)216-3956,Quality Engineer
67,Stephen Wallace,Chicago,swallace1u@google.pl,98-(144)601-8359,Analog Circuit Design manager
68,Kathy Stanley,Boston,kstanley1v@miibeian.gov.cn,380-(596)559-7684,Analyst Programmer
69,Ronald Knight,Chicago,rknight1w@sohu.com,86-(719)768-6087,Geological Engineer
70,Martin Ellis,Chicago,mellis1x@house.gov,33-(311)778-4648,Electrical Engineer
71,Ruth Morrison,San Francisco,rmorrison1y@shinystat.com,86-(264)196-1104,Graphic Designer
72,Maria Young,Chicago,myoung1z@spiegel.de,7-(675)362-1058,Analog Circuit Design manager
73,Jennifer Clark,San Francisco,jclark20@live.com,212-(242)967-5404,Research Assistant I
74,Joe West,Boston,jwest21@parallels.com,1-(440)984-5638,Statistician IV
75,Patrick Hayes,Chicago,phayes22@yahoo.com,48-(828)554-5561,Analog Circuit Design manager
76,Bruce Lewis,Boston,blewis23@discovery.com,7-(504)523-8255,Safety Technician II
77,Elizabeth Perry,Orlando,eperry24@pcworld.com,503-(893)460-2850,Geologist I
78,Earl Wallace,Boston,ewallace25@walmart.com,972-(658)109-4435,VP Quality Control
79,Janet Rivera,San Francisco,jrivera26@jugem.jp,380-(765)268-2697,Account Executive
80,Bobby Welch,Orlando,bwelch27@blogspot.com,62-(926)757-6185,Nurse
81,Patricia Torres,San Francisco,ptorres28@de.vu,60-(678)645-5803,GIS Technical Architect
82,Patrick Mason,Chicago,pmason29@typepad.com,7-(967)516-6786,Desktop Support Technician
83,Christina Larson,Boston,clarson2a@godaddy.com,55-(407)717-6407,Help Desk Operator
84,Ralph Gilbert,San Francisco,rgilbert2b@walmart.com,357-(765)985-3197,Systems Administrator II
85,Michelle Reynolds,Chicago,mreynolds2c@yandex.ru,51-(110)813-6137,Human Resources Manager
86,Bobby Campbell,San Francisco,bcampbell2d@twitpic.com,86-(441)746-0067,Professor
87,Lillian Watson,San Francisco,lwatson2e@huffingtonpost.com,33-(146)226-3370,Director of Sales
88,Jacqueline Little,San Francisco,jlittle2f@accuweather.com,63-(363)234-3933,Financial Analyst
89,Steven Hicks,Boston,shicks2g@squidoo.com,33-(534)933-9489,Nuclear Power Engineer
90,Gerald Franklin,Boston,gfranklin2h@is.gd,58-(305)908-2113,Environmental Specialist
91,Jeffrey Gutierrez,Chicago,jgutierrez2i@so-net.ne.jp,63-(822)898-8728,Account Representative IV
92,Walter Williams,San Francisco,wwilliams2j@joomla.org,51-(177)213-2805,Assistant Professor
93,Karen Garrett,San Francisco,kgarrett2k@nih.gov,351-(690)943-1223,Technical Writer
94,Dennis Hudson,Orlando,dhudson2l@nytimes.com,7-(702)234-9625,Accountant I
95,Peter Dean,Boston,pdean2m@istockphoto.com,353-(726)335-1671,Librarian
96,Karen Ross,Boston,kross2n@pagesperso-orange.fr,54-(318)598-8848,Senior Editor
97,Dennis Anderson,San Francisco,danderson2o@lycos.com,63-(418)145-1877,Account Executive
98,Stephen Welch,San Francisco,swelch2p@hugedomains.com,48-(102)738-0380,VP Accounting
99,Rebecca Cook,Boston,rcook2q@yale.edu,62-(492)717-2279,Computer Systems Analyst II
100,Denise Webb,San Francisco,dwebb2r@ebay.co.uk,505-(965)500-9277,Graphic Designer